{
  "skins": [
    {
      "localization_name": "Steve",
      "geometry": "geometry.humanoid.custom",
      "texture": "steve.png",
      "type": "free"
    },
    {
      "localization_name": "Alex",
      "geometry": "geometry.humanoid.customSlim",
      "texture": "alex.png",
      "type": "free"
    },
    {
      "localization_name": "Dummy",
      "geometry": "geometry.humanoid.custom",
      "texture": "dummy.png",
      "type": "custom"
    }
  ],
  "serialize_name": "Example",
  "localization_name": "Example"
}